VMA;lat;lon
130;49.95842;2.85479
70;48.67029;2.27976
110;48.63212;2.4065
110;48.83313;2.08501
130;46.55504;0.28379
70;48.57066;7.73904
110;49.27277;6.17428
90;49.12731;6.1618
70;47.48393;-0.54887
70;48.88743;2.2516
90;48.70775;2.19009
50;48.8869;2.24157
70;48.822;2.37965
70;48.82352;2.31005
70;46.62896;0.35564
80;43.5135;-1.46733
90;49.17486;-0.31164
90;48.7741;2.40784
70;48.89645;2.30974
90;43.38001;5.35354
70;46.31121;4.83825
70;48.89004;2.39613
90;48.8167;2.44854
50;45.77449;4.8151
70;45.76357;4.80266
70;45.4932;6.51932
110;48.10572;-1.50378
110;49.92349;2.32861
70;44.88349;-0.55534
90;43.73442;7.25137
90;48.92981;2.36345
130;48.49267;7.55745
50;43.61005;1.41945
70;46.05159;6.08709
70;43.3278;5.37814
90;43.34427;5.34679
70;48.15247;2.76366
70;49.45188;1.14532
90;43.94884;4.84067
90;43.94887;4.84069
90;45.65505;5.11342
90;45.48273;4.8323
90;49.04783;2.33193
90;48.93387;2.56774
70;49.24496;3.03571
50;46.17012;3.45748
50;45.05807;4.84064
70;44.52474;2.3331
50;45.81743;0.06857
50;47.33701;5.03369
80;45.22916;0.67979
50;44.70534;4.80003
50;44.50246;0.16753
110;48.97724;2.23349
90;46.57785;5.44001
80;45.6354;-0.97539
80;46.78682;1.68372
90;46.92244;1.29655
90;48.54187;-0.49413
50;43.25688;0.07205
80;44.03106;1.23141
70;47.89996;6.72747
80;47.87434;6.83843
80;49.10263;-1.48766
80;49.64416;-1.47515
50;48.2968;-0.91783
50;48.06907;-0.75272
90;48.07663;-0.97332
90;47.96125;-0.70397
90;48.63827;7.72804
50;48.1714;7.10899
50;48.06842;7.32789
80;46.73646;4.91729
80;46.78485;4.89023
90;49.25473;4.0023
90;47.99672;0.17226
80;43.88555;5.86389
110;44.19723;5.94926
50;47.10975;2.414
50;47.49813;6.80645
90;44.93748;2.32582
50;48.10527;5.14233
50;50.30553;3.97725
90;45.82851;1.28269
50;45.82164;1.24382
70;46.1243;3.93317
90;45.8664;2.17039
50;47.87992;6.39495
50;45.82512;1.2882
80;42.48027;9.48094
70;48.78988;2.45083
90;48.81849;2.45689
50;50.01772;4.72573
90;43.57446;1.44788
70;49.18944;-0.33271
70;48.90645;2.29052
50;48.93971;2.38791
90;45.60167;3.21671
90;44.92671;6.60141
80;48.47484;1.18267
90;48.24599;1.21133
70;43.11342;6.12006
50;47.89776;1.89552
70;48.71969;2.37065
70;50.6219;3.0216
130;44.6051;4.79397
70;49.75073;1.42664
70;45.73516;-0.75166
80;46.82249;-1.9746
80;46.82356;-1.77653
80;46.47743;-1.6724
90;47.14024;1.57533
90;48.81643;0.31502
80;45.00616;2.6541
80;47.63893;3.49286
70;47.26192;-1.49589
90;47.14772;4.48915
90;48.37594;0.88783
30;46.59743;0.33714
80;48.02236;-2.96193
50;45.75192;4.83294
70;43.92146;2.21311
50;42.68238;9.44668
110;47.87007;-3.59531
90;47.78566;1.31281
70;47.67022;0.97073
110;49.3172;6.08166
110;49.15;6.18399
80;46.32624;6.3561
90;16.25425;-61.56169
90;48.829;2.47952
90;48.93396;2.24145
70;43.28424;5.40459
90;43.88208;2.17063
80;48.24129;7.47378
50;48.76746;5.15287
80;44.48061;1.41351
80;44.9023;1.85292
70;45.55669;-0.55508
70;42.56163;8.80249
90;48.37632;-4.27611
70;47.00845;4.32084
80;46.24247;-0.52535
70;47.72206;6.83214
70;49.4454;1.2005
70;47.53431;1.41633
90;49.23461;4.03943
50;48.83791;2.22399
70;48.8268;2.15161
50;47.64114;6.85237
70;48.83241;2.28062
70;48.88572;2.28803
70;48.86087;2.41399
110;49.13881;6.81451
50;47.76133;-1.93972
80;43.21835;5.81183
80;46.2394;4.04019
90;16.25425;-61.56124
70;50.803;2.10876
50;47.90534;1.89729
50;48.86819;2.22461
70;46.26278;-0.46651
90;49.16313;0.70935
80;44.04822;6.13947
90;48.27245;5.11446
80;43.25053;6.54954
80;43.96876;1.35777
70;47.70159;-2.08541
80;48.08399;-1.9094
80;46.74826;5.92218
90;47.16203;5.75994
80;47.39628;-1.06771
80;49.31016;3.65053
90;49.07762;3.96495
50;49.14952;4.09565
80;47.20961;3.08513
80;43.4238;-0.4713
50;42.69421;2.88989
70;48.26081;7.17282
80;45.40118;6.27494
130;48.478971;2.514839
130;48.481624;2.514423
110;48.61834;2.55414
110;48.61832;2.55419
80;43.64046;2.19168
90;44.13588;1.50614
70;46.7049;-1.4162
90;48.71328;2.27738
50;48.71977;2.49999
70;49.17172;1.28544
80;49.09575;0.63922
90;48.04414;1.87414
90;43.76735;0.46961
80;46.42979;3.35836
90;46.082698;3.461319
50;45.66912;0.11812
50;47.31632;5.07145
50;43.57853;1.41002
80;46.90086;1.87875
90;46.9093;1.64325
90;46.87908;1.45739
50;44.21169;0.64731
80;47.77714;-3.27432
90;46.72327;-0.23804
80;46.34625;0.79308
80;46.65967;0.05697
70;45.98402;1.15898
80;45.63934;0.9855
70;43.03916;2.24323
70;48.28282;7.12821
80;49.03569;-0.64535
80;49.57561;-1.71302
90;48.0218;0.02107
90;48.37464;0.08881
80;48.40219;-4.24803
110;47.87;-3.59516
80;44.53152;3.52577
70;50.29689;2.29008
80;50.5513;1.61793
90;48.63794;7.72771
70;48.83428;2.1123
110;48.77981;2.18953
50;48.81761;2.12223
30;48.9246;2.0532
50;48.7639;2.1645
50;48.8864;2.2106
50;48.80795;2.25882
50;48.8754;2.2386
50;48.749;2.5088
50;48.81709;2.49814
50;48.8457;2.42681
80;47.21964;-2.10975
50;44.30601;4.61321
80;44.54021;4.7306
110;44.93929;4.94321
80;47.53829;-0.48993
90;47.16594;-0.75342
50;47.19669;-0.12506
90;48.05591;5.06607
70;47.66106;5.29262
90;47.99208;-0.85165
130;50.72103;2.74688
130;50.41986;3.40659
90;50.57415;2.86406
130;50.2904;3.3588
90;45.77717;4.97613
50;45.73316;4.8175
30;45.76514;4.90365
90;48.17329;6.51265
80;48.07847;6.78879
90;48.20355;3.46817
90;47.843;3.955
70;44.60632;6.08086
90;44.52221;6.05059
80;48.52779;-2.52985
50;46.22163;2.4689
50;47.61474;1.36279
90;47.9063;1.48771
90;46.69316;5.18964
80;46.53839;4.04349
70;43.93515;4.94792
80;48.14173;1.84875
50;47.98092;2.75456
50;46.59771;5.45883
50;49.846;3.3012
90;45.36571;1.99313
80;44.84815;0.12568
80;45.49629;0.94784
90;48.67568;-0.51992
90;48.93356;2.37925
90;48.9355;2.40266
70;47.28251;-2.31011
80;47.00263;-1.82915
80;47.00262;-1.83036
50;48.96498;6.55004
80;44.95437;2.58573
90;47.57258;0.27859
80;47.61531;0.65914
90;49.03754;2.50757
80;4.81139;-52.3538
50;48.88705;2.1003
90;49.1436;0.36219
70;45.18901;6.68507
70;45.17163;6.68451
70;48.86913;2.15811
70;48.86913;2.15812
70;48.86913;2.15813
70;48.85599;2.15601
70;48.85599;2.15602
70;48.85599;2.15603
70;48.85599;2.15604
70;48.85599;2.15605
70;48.85599;2.15606
70;48.83959;2.14521
70;48.83959;2.14522
70;48.83959;2.14523
70;48.83959;2.14524
70;48.83959;2.14525
70;48.83959;2.14526
70;48.83101;2.14801
70;48.83101;2.14802
70;48.83101;2.14803
70;48.83101;2.14804
70;48.83101;2.14805
70;48.83101;2.14807
70;48.81291;2.15921
70;48.81291;2.15922
70;48.81291;2.15923
70;48.81291;2.15924
70;48.81291;2.15925
70;48.81291;2.15926
70;48.79863;2.16321
70;48.79863;2.16322
70;48.79863;2.16323
70;48.79863;2.16324
70;48.79863;2.16325
70;48.79863;2.16326
70;48.78416;2.15621
70;48.78416;2.15622
70;48.78416;2.15623
50;48.83665;2.37842
70;48.89171;2.23885
110;46.1463;5.6332
80;43.65824;7.07415
90;46.66415;0.27807
80;49.9093;3.34225
110;48.681;4.74788
90;44.41325;2.09555
90;48.16753;-0.09736
80;47.85345;-0.02991
90;48.40735;0.18193
90;48.7281;2.603
90;45.93421;0.53397
80;47.74824;1.04097
80;44.3969;6.47924
50;48.28941;4.08516
90;44.56794;2.6538
110;48.95187;-1.00797
90;45.59394;0.2701
70;42.6111;9.48231
80;44.98155;4.88148
80;43.7598;0.61974
90;44.88037;-0.52507
80;46.47403;6.0645
90;46.86729;5.67538
80;44.64139;2.07925
80;44.37736;0.34103
70;50.63442;3.08575
90;48.69887;0.32917
90;48.57204;0.16915
80;43.50138;-0.31953
80;43.24853;-0.072138
80;42.65222;2.55013
80;48.96515;7.61618
70;45.82676;4.75631
50;48.8676;2.1378
80;48.46081;1.8927
110;46.34057;-0.39667
70;48.61327;2.25471
70;48.89299;2.25972
50;48.7728;2.4397
90;49.0336;2.3462
70;16.40919;-61.4683
90;47.249543;0.449324
90;48.39674;4.36824
90;48.35836;4.10435
110;49.3148;-1.0953
90;48.49737;1.70422
90;47.15435;-0.18349
90;47.59581;-0.58857
70;50.30102;2.78397
80;44.07468;1.28336
70;43.59885;3.84185
30;48.87912;2.34761
80;49.2148;3.3708
110;48.6399;2.1536
90;4.91361;-52.3294
50;5.01137;-52.46997
70;47.60314;1.34772
80;44.036;6.10951
70;43.857;5.60383
80;48.61929;-3.77442
50;43.58045;1.39584
70;47.19126;0.29608
90;48.7184;2.2926
110;48.77981;2.18948
50;48.8867;2.0984
110;48.6319;2.5256
90;47.32157;1.07752
90;48.77228;2.34565
50;48.81296;2.42736
80;47.71148;-3.22242
70;46.84953;0.49934
70;47.55821;1.29675
80;47.32609;-1.47804
80;47.05021;-1.36625
70;47.97951;0.20027
70;47.87434;1.84459
90;48.07385;2.76789
80;43.50248;-0.58559
70;43.7769;7.27639
80;45.48539;6.14529
80;46.0686;6.44769
70;43.96119;2.17115
80;46.87029;-1.93763
90;47.54967;6.77477
110;48.8314;2.6426
90;48.5815;2.9621
50;43.22008;0.06637
110;49.52216;4.36342
70;15.99802;-61.60533
50;46.02538;2.13442
90;50.05332;3.93013
130;50.72106;2.74673
80;43.96279;6.73998
70;48.58703;-1.13328
80;44.64784;6.08645
80;49.01197;1.3162
70;46.99567;3.11778
70;47.0018;3.09993
90;48.92523;2.39371
70;48.88166;2.47448
80;48.47226;3.46008
80;42.7512;1.77227
90;49.05014;2.14312
90;49.06125;2.08489
90;46.59105;3.47675
50;49.3195;0.13222
90;45.28102;0.04335
70;42.58693;9.50569
80;48.18909;-1.18254
90;46.8288;1.81975
70;45.41628;4.4055
80;47.11442;-1.28277
90;47.68875;1.95795
90;48.2057;2.23879
80;48.0257;-2.95799
110;49.1442;7.04166
90;48.07047;0.53176
90;47.72732;-0.1134
80;45.76082;6.38952
80;44.07771;1.09206
90;43.89726;1.02568
130;44.1952;4.73481
80;45.82071;1.19368
50;48.8259;2.2016
50;48.81546;2.22413
70;48.81114;2.33759
110;43.64319;7.13355
80;48.1988;4.76694
70;44.86983;1.24402
50;47.25103;6.00963
90;47.32595;6.78399
130;49.3905;0.5142
80;49.27827;3.84392
70;48.05891;-0.77082
50;48.03263;-0.70329
90;48.7198;6.16654
110;50.71186;3.12333
90;48.79806;0.00732
90;48.7812;2.01914
70;48.72478;1.89152
130;49.94314;2.85223
80;46.8157;0.44463
70;45.79046;4.81196
70;45.79056;4.81219
90;47.41574;-0.16805
130;48.56124;0.17585
130;48.53353;0.16232
80;43.74869;0.33597
90;48.62715;0.12979
70;42.51095;9.38193
70;42.50639;9.36523
70;48.05884;-0.7707
70;47.7235;-0.00997
50;47.77195;-3.37782
80;45.17523;0.38831
80;47.14395;6.27066
80;46.292;6.2728
90;48.616;2.4557
90;48.807;2.4488
80;44.708;6.0384
90;48.939;2.417
90;45.6292;5.13707
80;43.88506;4.43746
50;44.9445;2.4606
50;47.827527;6.377446
70;43.182;1.2436
80;44.514;1.0687
50;47.366;2.4323
50;4.94468;-52.31493
90;46.918;6.3006
90;48.745;0.2682
90;48.69;-0.5744
50;43.716;7.2824
70;48.485;1.4669
50;45.039;3.8881
70;49.6294;-1.6336
80;48.90594;7.43151
50;48.585732;7.784924
90;49.138;2.2539
50;47.968;2.7578
50;5.0148;-52.47609
70;4.90992;-52.37054
70;5.48704;-53.99413
50;5.49099;-54.03177
90;45.463;1.5019
80;48.52;-2.4379
70;48.579;-3.0673
70;47.030514;1.097518
50;50.714;2.6317
50;48.87363;2.26748
50;48.837;2.3776
70;48.900701;2.361351
70;48.869597;2.413182
70;48.900368;2.374834
70;48.826;2.2988
70;48.84569;2.41434
80;43.207;6.4842
90;48.926;2.2345
50;48.845;2.2267
80;42.48;9.4809
80;42.314;9.5414
70;42.266723;9.548973
70;42.257;9.5466
70;48.818;2.3688
70;48.866458;2.268784
90;49.02055;-0.73643
70;46.714;5.5848
70;45.7;4.8355
50;48.809;2.1479
80;49.778;2.25
70;49.09587;0.30311
70;43.932;4.948
90;44.842;2.4786
80;44.881;2.309
80;44.728;2.201
50;48.402;1.3886
80;43.425;0.2871
90;44.032;0.4669
70;50.758;2.4193
70;50.75638;2.41687
80;46.883234;4.395298
90;46.565;5.0365
90;48.241;-0.04168
90;47.80844;-0.27798
90;47.813242;0.062468
50;46.145;6.0962
50;48.942;2.364
50;48.847217;2.410152
50;48.847222;2.408315
90;46.381;3.2954
90;43.948;2.912
50;47.218;5.2566
80;49.058;0.5715
80;43.739;0.356
80;48.052;-1.7224
80;47.5582;-0.10143
80;47.313826;-0.402958
90;47.248639;-0.912927
50;49.29;4.0043
90;48.97;4.3817
50;49.38;5.63
50;49.213;5.6255
50;45.765;3.038
80;48.387;7.5399
50;45.7727;4.83615
90;46.071812;6.475034
50;46.404;0.7122
70;46.816;0.34
90;48.88246;2.45639
50;48.969329;2.40478
90;49.383;6.0775
80;47.784;1.0304
50;48.826;2.2592
50;48.822;2.2529
50;43.30321;5.36489
50;45.725962;4.865838
50;45.722977;4.876683
50;43.759;7.4662
70;43.66;7.1026
50;43.783;7.5157
50;43.758122;7.470991
50;43.783;7.5162
50;43.655729;7.161446
50;43.707;7.2793
70;43.607;3.9227
70;43.60755;3.92288
50;48.093;-1.9957
80;47.16631;-0.65357
70;48.792;2.1795
50;48.766;1.9059
90;44.046;1.9998
90;49.037;1.0958
90;48.26078;0.91608
90;48.451;1.2934
50;48.149;1.7091
90;48.13697;1.61709
80;46.77;1.6628
90;46.816;6.0539
80;47.46997;1.11729
90;47.418;1.2775
80;47.755658;-3.239926
80;48.7867;7.55887
70;45.58267;6.73921
90;46.347;6.4332
50;48.756;0.0691
90;48.632;0.4816
80;44.845;-0.7254
50;44.878682;-0.165906
90;47.259;-2.2933
50;48.3075;-0.6205
50;45.684;4.9507
80;46.83729;-0.68316
50;46.963;-0.2097
80;43.636;2.2242
80;44.133;1.1878
80;44.033;1.1635
80;46.812;-1.8799
80;46.592041;-1.758629
80;46.94767;-2.02477
50;48.89787;2.2633
50;48.8089;2.19792
50;48.416;1.5321
50;48.805;2.1339
50;48.805;2.1339
50;50.777;3.101
50;43.44979;-1.56904
80;49.898;2.9226
50;43.10086;5.823865
50;48.7318;3.61201
50;48.73191;3.61242
90;48.844561;2.81354
80;48.43;-2.5088
70;46.181;6.2291
50;48.877;2.1067
50;49.1422;0.41131
30;48.840788;2.390433
30;48.84709;2.36061
60;42.749;0.1912
60;42.74837;0.19117
80;44.341;4.793
70;43.586;3.9189
70;45.901;6.8611
70;45.85587;6.91082
70;45.863;6.9024
70;45.889;6.8748
70;47.180606;-1.60916
80;47.924778;-1.71742
50;48.90546;2.0739
50;48.816346;2.359291
90;45.361;4.2526
80;46.41334;4.436502
90;46.619;0.3449
90;46.618;0.356
110;48.054;6.587
90;49.377654;6.09112
80;45.4141;0.86307
80;45.415;0.8791
110;48.416;1.4759
90;47.37244;0.65324
90;47.32163;0.70358
90;47.372853;0.653372
90;47.593;0.7401
90;48.108;1.891
70;47.934802;1.930114
110;48.977;2.4732
90;48.997;2.4822
90;48.173;3.3941
80;47.792;3.6229
90;48.176;3.1904
90;45.796074;4.934379
110;48.332771;4.093514
130;43.736;4.4634
130;43.937;4.604
90;43.584;1.4965
90;43.634;1.421
90;43.686;-0.1748
130;45.243;5.8603
70;47.797;1.0737
130;47.343933;-0.066891
110;48.643;5.066
110;50.55145;3.06023
110;50.64014;2.9372
130;50.85025;1.72379
70;50.7029;1.62584
70;48.339;7.5412
90;45.777;4.9715
130;46.734;4.8358
130;46.73369;4.83553
110;48.903;2.0053
110;48.778;2.2135
80;48.506;1.8357
110;48.798458;1.772916
90;43.999;1.3646
130;48.142;4.6167
110;43.656;4.6519
90;43.404368;5.341811
110;45.268816;3.202271
130;45.175;3.1705
130;45.372;1.5736
130;45.5273;2.339
110;47.50655;6.83185
110;47.50626;6.83206
90;48.18;1.3748
110;48.751;1.4536
80;48.454;1.4482
110;46.605;1.5017
130;47.116024;0.597417
110;47.415;0.7295
90;47.165972;-1.522873
130;47.767595;1.568362
130;44.266;0.2796
130;48.73475;-1.29568
90;48.277;5.1119
130;48.783;0.318
70;48.589;7.7303
90;45.585311;5.907693
90;45.56795;5.94276
110;46.075;5.9057
80;49.99;3.0073
80;49.658;2.7086
80;49.951;1.942
110;50.121;1.7958
80;49.957;2.8766
90;45.849;1.2761
130;48.16363;5.70697
90;48.609;2.3333
90;48.609;2.3332
110;49.035;2.4873
110;49.060959;2.3584
90;47.165;-1.5225
90;47.253115;-1.477797
110;45.6177;0.10097
110;45.670924;0.138358
110;46.21595;1.722814
110;46.192479;1.953377
110;46.761;-1.4307
130;50.523;3.0409
110;43.732699;7.295554
110;43.797;7.4834
80;47.283681;2.190504
130;44.744;-0.7043
130;44.593;-0.843
130;44.97754;-0.43216
130;49.223067;2.642181
110;49.087861;2.732704
110;45.824527;4.918214
90;45.731;4.9788
80;45.8919;4.37018
70;46.191;-0.0572
110;48.625;2.3604
70;47.633;6.1594
90;47.251324;-1.476574
110;45.031;-0.4199
110;48.647;4.8641
110;49.364247;3.344924
;49.364062;3.345087
80;49.72738;4.42786
110;49.753;5.0284
110;46.199;-1.0354
90;46.126;-1.106
110;45.3;-0.2388
110;49.431253;2.810755
90;49.249271;2.481997
110;48.146;7.3689
70;46.894;4.8527
90;43.909;1.7595
90;43.916;2.2793
70;43.621584;2.308637
110;42.739;2.8873
130;46.824;0.5191
130;43.62914;3.69391
110;48.14634;7.36874
90;50.583;3.0907
90;50.589;3.0965
110;48.867421;6.093431
110;48.921;6.1098
90;48.536733;2.209299
110;48.70354;5.42523
70;48.693;5.3376
90;44.783;-0.6321
90;47.363;0.7134
90;47.396;0.707
90;48.485;3.4819
90;48.496;4.1362
80;44.39;2.695
90;45.989;0.2005
90;48.517;-2.745
90;48.51;-2.7402
70;47.934365;1.930398
110;50.36674;2.31171
70;45.765;4.9072
70;45.76502;4.90727
110;48.341;6.3143
90;48.1735;3.3715
90;48.022;3.3137
90;48.74226;0.96123
90;43.59225;1.39882
90;43.782;-0.0235
70;47.796;1.0742
90;49.556;-1.564
110;48.691677;-1.360691
110;50.604;2.9455
110;45.557299;5.718262
90;45.571925;5.936528
90;48.62935;2.35531
130;43.711;-1.2282
130;44.139732;-0.973174
130;44.40999;-0.81927
110;48.95139;2.450885
130;43.943;-1.083
130;43.389;3.4582
130;43.475;3.6513
130;49.541;2.7273
130;49.541;2.7273
110;48.967674;2.510128
110;46.197412;1.782916
90;49.4168;1.04682
90;43.608;1.4101
90;45.695;4.8309
90;45.671884;4.772833
90;45.195;6.6222
110;49.47274;1.02779
90;46.46028;0.26737
90;45.971;2.1899
80;43.663;0.6237
130;45.17387;5.38752
110;43.13936;0.31168
90;43.6067;1.31945
110;46.148908;6.150307
90;43.97436;4.86708
130;43.1907;3.06719
130;43.191861;2.415144
130;43.192543;2.3697
90;43.6353;1.42083
90;51.01468;2.38797
90;50.997972;2.287027
80;49.36362;3.48006
90;49.42835;1.05613
130;49.78055;1.7445
130;49.7861;1.4865
110;49.01541;2.1454
110;49.05951;2.28241
90;43.59088;1.399
90;43.710541;7.201861
90;43.64658;1.46013
90;45.910064;-0.965179
110;47.0883;4.7556
110;48.59375;-1.41286
90;50.44641;2.83944
90;43.58519;1.49663
90;50.68421;3.13346
90;47.3168;5.07991
130;49.091;5.2326
130;47.645962;5.180054
130;48.9207;-1.08303
90;50.4347;2.8484
130;47.302985;4.50281
130;47.302835;4.503231
110;48.66478;-1.3671
110;48.596172;-1.407477
80;48.425255;-0.299788
110;50.424217;3.01685
110;49.45061;-1.34994
110;47.038913;3.13987
110;45.5784;5.82376
110;45.854706;3.115442
110;46.285;2.40286
110;43.59722;4.76084
110;48.507389;1.463278
90;48.56126;-1.92671
110;47.29333;-1.74453
110;50.29578;3.85408
90;48.76852;2.61274
110;49.052043;6.169857
110;42.80218;3.030407
110;48.700083;6.971603
110;48.043;-1.94317
110;49.08636;1.1882
130;49.57449;2.2023
110;48.0532;-1.91588
110;43.547154;6.79229
110;42.76709;2.89969
110;47.67987;-1.46141
130;45.49753;3.2555
90;43.50612;5.50822
110;42.5381;3.0272
130;47.73548;5.19463
130;45.49594;6.0632
110;49.3546;1.0827
110;49.07116;2.245657
130;48.192497;0.830108
130;43.460183;6.710958
130;48.16998;4.325
110;48.15867;6.48605
130;47.075636;2.274846
110;48.730205;3.906032
130;46.35551;2.80366
110;45.73042;-0.62311
130;47.74799;1.53901
110;47.89004;1.85813
110;47.054358;-0.920699
110;48.66979;5.91715
110;48.57917;2.63788
130;49.984758;1.683684
110;47.60119;6.85632
90;48.7037;2.44358
130;48.26519;1.85257
130;47.1883;2.16616
130;46.466869;4.880695
110;44.70121;3.28069
110;50.4485;2.58465
110;49.263593;-0.380193
130;44.057823;0.872815
110;45.11091;3.13624
110;48.78852;1.626852
110;45.1108;3.13646
110;47.968851;-3.987875
110;48.452766;-4.377201
110;50.38616;1.87375
130;50.86398;1.7402
110;44.35525;1.46052
130;47.100058;-1.472823
110;43.507483;4.860097
110;50.319937;3.60362
110;45.8752;3.64095
130;46.38436;-0.36723
130;47.739045;3.731561
110;48.3351;6.8941
110;48.99326;1.193836
130;45.370988;5.491938
130;48.26498;1.85251
90;43.512;5.45668
130;48.192203;0.830547
110;47.27503;-1.54031
130;48.176329;5.730118
110;42.689842;2.826943
110;48.101714;-1.436677
110;48.3295;4.1133
130;48.3647;4.16042
130;45.469651;5.4011
110;42.6081;2.98456
130;48.27298;3.8951
110;48.011707;-1.59979
110;48.460773;6.24245
110;42.706584;2.987414
130;49.85744;2.41556
110;48.7129;2.308
110;45.58921;4.81075
130;46.464858;4.878883
110;47.773558;7.362957
110;47.958419;7.308257
110;46.085752;6.088236
110;48.434486;-2.817417
130;45.097643;0.482946
110;48.790311;2.070456
110;43.740074;-1.035058
110;43.721155;-1.12237
110;46.049706;6.080695
110;47.773536;7.362936
110;47.95778;7.30806
110;48.610522;-3.276339
110;48.853662;1.179271
110;48.86851;1.17674
110;50.96761;2.39794
;43.138451;6.040699
130;47.086;5.4204
130;46.0038;4.73286
110;48.038988;-4.076303
110;48.518535;-4.045053
110;43.434178;-1.48914
130;45.616445;5.896973
110;46.972338;-0.807677
110;48.341;6.3139
110;47.905;-1.6849
130;47.116119;-0.826199
110;49.30515;2.45288
110;48.548;-3.4115
110;48.416;-2.308
110;48.51575;-2.03866
110;49.138;1.182
110;43.857986;-0.722169
110;43.85137;-0.738436
110;47.671;-2.9395
110;48.509;0.3452
110;44.883648;-0.333458
110;47.156;-1.3227
110;48.832194;2.154142
130;49.534;4.4246
130;48.656155;4.17437
90;48.423793;2.140934
90;48.485161;2.194555
70;46.827144;-0.423377
90;43.664306;4.63362
90;43.667701;4.627957
110;50.328517;2.875154
130;44.570861;1.51206
110;48.673921;2.342725
130;43.173348;0.975433
130;43.173501;0.97557
110;50.734976;1.708429
110;45.45964;4.486546
130;43.7002;1.56839
130;45.863614;5.149564
110;50.466852;2.831789
110;48.452403;6.234787
90;43.948803;4.772449
90;47.32235;-2.1864
90;47.4634;-0.51692
110;47.33027;-1.65035
110;46.75917;-1.43079
90;49.3479;6.16564
90;49.34809;6.16465
90;43.58975;1.12689
90;43.56071;3.96186
110;44.043481;4.135386
110;43.96456;4.22473
130;43.790804;4.30207
130;43.7884;4.29921
110;47.44073;-2.07799
110;47.40608;-1.64297
90;47.4343;-0.50794
90;48.01028;0.17143
130;48.05189;-0.46444
90;43.99928;1.364538
130;48.05751;0.23942
130;43.19748;1.63099
110;47.25249;-1.67926
90;47.49607;-0.56398
90;47.49184;-0.595
110;48.97626;1.72154
90;43.60012;3.91789
70;48.997626;2.080437
110;43.451754;5.301697
110;48.814921;2.060788
90;49.748722;4.70325
110;47.336664;4.955637
70;47.940951;1.888195
130;46.816766;1.62272
90;45.162445;5.75387
110;48.21978;-3.99181
110;44.993;4.99031
110;46.17674;5.921
90;48.201777;1.395611
130;46.75071;1.62776
90;45.66007;6.38074
90;45.577678;5.919683
110;47.624023;6.861885
70;45.78817;4.78431
110;48.745194;1.283305
90;45.34126;4.25068
130;46.42787;1.47462
110;48.745444;1.282611
130;47.09909;1.86836
90;45.574978;4.717588
130;47.406906;6.475358
90;45.663127;6.393159
110;48.751092;7.164505
110;45.698461;1.360661
110;48.5582;-3.87031
110;47.538357;-2.415086
90;48.091976;-1.62725
90;43.4229;5.37299
110;47.660714;-2.859226
130;48.67771;7.77569
130;44.12164;4.8012
90;48.08149;-1.69679
110;47.788761;-3.25207
110;47.77297;7.22538
90;49.19715;-0.32943
110;47.971793;-4.141026
110;47.79848;7.3084
130;49.29835;1.12066
110;48.5787;-3.73713
90;48.72874;3.57369
110;43.540009;6.837452
90;50.36111;3.48538
110;48.21071;7.40138
110;48.39998;7.62334
110;47.63772;-2.67244
130;44.5741;-0.316742
110;48.456213;-2.079864
90;48.13248;-1.70841
90;50.31764;3.36847
110;48.96191;2.54522
90;49.191129;-0.429973
110;49.15442;6.84603
90;46.11793;-1.107105
110;45.66998;-0.25415
90;43.511386;5.421242
90;48.391526;-4.402304
110;49.69133;4.91735
90;49.91867;1.10514
90;43.410306;5.284594
90;50.157033;1.73917
90;43.411843;5.026946
130;47.971316;7.37191
110;48.57885;-3.737738
110;48.957902;-0.226211
110;50.33817;3.52505
110;50.33815;3.5251
70;45.86653;1.27662
110;46.21387;1.409979
110;45.884318;3.579395
90;48.27466;6.94475
110;45.61721;0.1006
90;48.71206;6.147947
90;47.66463;-2.786
90;43.94325;2.16475
90;48.70355;2.44391
90;48.872792;2.669814
90;48.87359;2.670092
90;49.46221;1.041
70;50.61737;3.03857
130;43.709652;1.567618
90;44.94434;4.890226
110;45.003532;5.007799
110;48.7339;2.72933
110;48.830295;2.631771
110;48.937678;2.480256
110;45.951792;6.120131
90;48.888994;2.667808
110;48.55064;-3.11223
110;48.38294;-2.37652
110;48.557242;-3.179421
110;48.7527;1.458795
90;49.27966;4.04314
110;47.941799;-2.614202
110;48.606314;6.331942
110;47.949899;-2.525265
90;49.1069;6.14738
110;49.16668;6.87561
110;49.22408;2.546022
90;49.208869;0.768896
110;49.224161;2.545919
90;50.93457;1.881827
90;48.52462;7.65873
110;46.32149;-0.41641
90;48.74922;2.21065
130;43.170167;2.77917
110;48.447491;-2.481383
90;47.36361;0.64946
110;50.969638;2.395969
130;50.116541;3.1579
130;50.116578;3.157861
130;50.465062;3.245309
130;50.465028;3.245222
70;45.43425;4.42989
70;49.0193;2.09775
90;48.80902;2.33953
90;44.944514;4.89072
110;48.02854;-1.68939
110;47.607726;7.526685
110;47.608194;7.525671
90;48.46367;2.18042
70;43.125496;5.898479
90;44.77205;-0.55527
90;43.94343;2.16487
90;46.340281;-0.39921
130;44.016558;4.889619
110;45.85372;0.18496
110;45.21657;1.51352
130;45.43246;2.04453
90;43.66078;7.15784
110;46.00455;1.33776
130;45.336059;1.897309
90;48.91851;2.4287
70;47.21546;6.01039
70;47.2689;-2.16216
110;44.3661;0.71799
130;46.36676;-0.24599
70;44.17134;4.1417
70;44.1597;4.11727
130;45.40673;1.54349
70;47.29741;-2.1781
110;43.03837;1.63081
110;43.00666;1.61395
70;48.83909;2.21819
90;45.62526;0.18197
80;44.36242;4.97357
110;49.05871;2.00108
80;48.73513;7.56088
90;44.49767;5.72982
110;46.18881;1.94373
130;43.38307;1.61627
110;45.87073;4.49003
90;48.01486;1.87802
110;49.35733;4.20701
110;46.89758;3.15586
110;50.60194;3.23831
110;50.63674;2.94271
110;50.59951;3.16691
70;43.12708;5.91399
130;43.41365;6.44353
130;43.40185;6.37457
110;45.1414;0.78467
80;45.1195;5.69777
90;48.5114;0.52725
80;50.18858;2.48978
80;42.8106;2.58284
80;48.27367;7.05329
80;42.81419;2.517
80;46.16369;-1.25652
70;45.84573;-1.16425
90;47.99532;1.88102
70;48.84848;2.23188
90;45.02639;4.70022
70;43.73209;7.3822
90;46.97842;4.70572
110;47.93048;-2.3229
110;46.00271;1.33829
110;48.62839;2.25647
110;48.63465;2.21811
110;48.20972;-1.7373
80;47.40431;0.89766
80;50.22812;2.61717
90;43.29128;5.4851
90;43.2881;5.49962
80;49.12805;1.51311
110;47.8626;-3.56
70;43.3289;-0.34774
80;47.12449;6.58803
70;47.33677;4.98498
80;44.11388;4.61515
130;45.55432;5.35899
70;43.12053;5.9509
130;46.04019;6.24737
110;45.14001;1.48893
110;45.10495;1.51677
130;45.38041;-0.60107
90;48.24962;2.34397
80;50.68241;1.75535
110;46.7384;4.62619
90;43.5835;5.14233
110;43.56671;3.84122
110;43.66697;4.00758
90;48.28312;2.39346
70;16.24172;-61.48463
50;16.253985;-61.523193
90;16.25361;-61.535
50;16.01857;-61.74695
50;15.98802;-61.72533
50;16.2616;-61.50051
50;16.34226;-61.45525
50;16.24913;-61.5397
50;16.08011;-61.76329
80;16.28609;-61.28784
80;16.260363;-61.627314
50;16.31154;-61.48647
80;16.130857;-61.579819
70;16.208144;-61.629509
70;16.21689;-61.48288
90;16.2194;-61.516
80;15.98781;-61.63508
80;16.25552;-61.27959
80;16.25516;-61.31477
70;15.99034;-61.68565
50;16.096314;-61.563125
90;16.23313;-61.5238
110;16.210323;-61.601964
110;16.234572;-61.589829
90;16.24448;-61.52398
70;16.20756;-61.4455
70;14.61428;-61.09727
70;14.436376;-60.873285
50;14.72756;-61.18011
50;14.75821;-61.18557
90;14.496824;-60.976771
70;14.528122;-60.98237
90;14.58724;-60.981538
70;14.59521;-60.872771
60;14.61154;-61.06998
70;14.65762;-61.1503
80;14.664147;-60.968178
70;14.67681;-60.94526
80;14.715262;-60.948545
70;14.74541;-60.975426
80;14.809403;-61.020923
70;14.77735;-61.12338
70;14.620252;-60.993065
80;14.527844;-60.995136
90;14.605264;-61.002938
90;14.604801;-61.002991
70;14.60869;-61.04251
50;14.53837;-61.06327
90;14.61842;-61.02745
50;;
50;14.656741;-60.935182
90;14.6958;-60.9415
50;14.76661;-61.12295
50;14.77735;-60.99114
50;14.636444;-61.009151
50;14.86584;-61.1118
70;14.468498;-60.928397
70;14.59663;-60.99623
90;14.633145;-60.977647
90;14.59217;-60.98353
70;14.608;-61.04221
90;14.63629;-60.97747
80;14.753024;-60.978684
90;14.617996;-61.034997
60;14.611459;-61.065368
70;14.74962;-61.169185
50;14.781488;-61.207859
70;-20.886717;55.488914
90;-21.302367;55.501305
70;-20.882277;55.463564
70;-20.88635;55.48366
90;-21.03179;55.25272
80;-21.23431;55.30029
110;-21.33213;55.46488
50;-21.369328;55.576697
50;-21.370958;55.719294
110;-20.9569;55.6573
110;-21.30191;55.42568
110;-21.236908;55.313936
110;-21.3148;55.4401
70;-21.119716;55.643875
50;-21.001212;55.591985
50;-20.984374;55.626857
90;-20.886149;55.49496
90;-20.889157;55.500799
110;-20.981281;55.29393
110;-21.294817;55.50982
110;-20.90268;55.54945
50;-21.13045;55.8006
90;49.363062;6.123833
80;49.38231;4.57778
80;49.600522;4.232138
80;49.39828;4.71808
80;49.89061;4.63049
80;49.22405;0.9473
80;48.967693;0.933579
70;49.10432;0.929737
80;48.825966;1.011425
90;46.576805;2.012493
90;47.481523;0.765248
70;47.369111;0.746502
70;47.282976;-2.311952
70;47.203363;-1.622706
80;47.638267;-1.985132
90;48.163266;2.12795
90;47.897559;2.279703
90;48.022269;1.96654
90;48.01632;2.110277
90;47.940248;2.356094
80;49.084022;2.529935
70;48.146022;-0.293951
80;47.721241;6.305224
80;47.795687;6.402158
80;47.62455;6.205723
90;47.316491;5.741033
80;48.722639;2.698663
90;48.456025;2.604879
70;48.692508;3.187243
70;48.770279;1.985089
50;48.945376;2.061219
80;49.970045;2.405889
80;49.9715;2.544932
80;46.754039;-1.097273
80;46.670675;-1.45903
80;46.799091;-1.44719
70;48.978593;1.720196
50;47.981945;2.752887
80;47.561972;1.305444
80;49.549722;3.620533
80;49.085543;0.574047
80;49.01144;1.328722
70;46.996099;2.508743
90;46.736161;2.362512
90;47.963419;5.642628
90;48.03731;5.402872
80;47.857508;5.36933
70;48.646529;4.871766
70;49.036297;3.252408
80;49.987196;3.917941
80;47.837727;-3.340261
70;48.616234;-2.015265
70;49.281269;1.850355
50;49.360707;1.768839
90;47.87138;2.737628
90;47.641195;2.580796
90;47.794923;2.437363
80;47.540291;1.281467
80;47.649487;1.444083
80;48.885761;0.930593
80;47.294033;2.212425
80;47.079121;2.298532
70;50.06921;2.323364
80;49.987071;2.113931
80;49.599559;2.970228
80;49.141868;2.539706
90;48.107847;5.077994
70;49.839249;3.474709
80;47.556177;-2.395726
80;49.603306;2.32083
80;48.020599;-1.814665
90;47.674316;1.328694
80;48.045818;-1.630363
70;48.059021;-1.791385
90;48.689106;0.669449
80;46.471857;4.669973
50;48.170001;0.578827
90;48.114322;0.345687
50;47.671984;6.923822
90;48.587108;-0.291599
80;48.785428;0.664265
80;47.565157;6.927857
90;46.37637;4.862027
90;49.161935;4.199394
90;48.580913;-0.408428
80;48.327402;-1.099823
80;48.022738;-1.195666
90;48.563478;-0.708854
90;48.807575;-0.562458
90;48.340888;0.758801
50;48.763807;4.5854
70;46.55722;4.940732
50;46.824424;4.367908
70;46.82011;1.732103
80;48.77983;3.052633
80;49.362353;0.441016
80;47.460595;-2.076577
80;48.716081;0.862831
90;49.266024;2.456052
80;48.682256;0.8037
80;48.836181;7.918737
90;47.964603;3.813087
80;49.408353;4.368647
80;48.863158;7.700858
70;49.145559;2.679875
80;47.232082;0.104168
80;47.566734;0.956813
70;48.171336;3.2612
50;48.665377;2.339855
50;48.9957;1.931496
50;49.019351;1.610821
80;47.291326;0.809702
70;49.226461;0.754489
80;46.908651;-0.997671
80;46.428209;-0.835622
80;46.65887;-1.816938
70;47.599404;7.385392
80;47.401925;0.86879
80;49.154674;0.722231
70;48.640155;7.807838
80;48.472298;-0.175322
70;48.452793;7.71673
70;47.25378;-1.520972
90;46.552329;6.014143
80;49.335377;1.384338
80;47.962949;3.728577
90;48.97211;2.090438
50;48.942542;2.123953
50;48.989768;1.846032
90;47.920362;4.018639
80;49.402008;6.283412
80;46.518705;-1.432076
80;49.256067;-0.13309
90;47.877848;3.593981
80;49.177072;1.271833
90;48.23808;4.44
80;48.861017;7.462815
80;48.499886;-2.951411
80;48.066497;3.811309
70;48.068564;1.236447
50;49.38175;2.619439
80;49.220886;1.645147
90;47.57091;3.782027
90;49.51505;0.994715
80;46.923149;-1.886588
80;46.487656;-0.898579
80;47.002964;-1.151521
80;49.335572;0.919475
80;49.352998;5.862701
80;46.47488;-1.074161
80;47.629229;7.209705
90;48.644683;1.28401
80;47.864399;1.935635
70;47.86329;1.971511
70;47.974854;2.73875
70;49.239631;-0.188739
90;48.529774;1.317324
90;48.286396;3.956241
90;48.05195;1.429908
90;48.494651;1.694792
70;48.846425;1.534733
70;48.268916;7.321013
80;47.747995;7.11765
90;46.802022;5.575895
80;49.495203;1.684884
90;47.054206;3.73144
50;46.859164;-1.809982
70;47.329804;1.696772
80;48.424428;-1.450238
80;50.418405;2.413996
90;49.147187;5.383376
90;48.261405;4.085178
80;48.227529;6.518401
80;47.840783;-1.720915
80;49.385356;1.259784
90;48.520505;4.810169
70;47.802911;0.315505
80;48.050064;-0.86747
80;49.554309;0.435647
70;49.618422;3.459102
50;46.945512;3.121233
50;50.461908;2.894868
80;48.544756;-1.914274
90;46.989348;3.258549
80;47.816397;5.497677
70;48.886362;-0.238231
70;47.218763;-1.650254
50;49.893315;3.910781
70;49.838324;3.284178
80;47.835802;7.341602
70;47.91627;0.82506
80;49.397047;3.174093
90;48.242516;3.699671
80;48.443143;1.957466
90;47.543172;6.508859
90;48.152362;6.564044
80;49.648851;2.752146
70;48.604412;5.028737
50;48.285145;5.487235
90;47.158616;0.646876
80;49.607133;3.504562
80;49.999464;1.538539
50;49.66735;2.914974
50;50.253413;3.162564
80;50.254136;1.661584
90;48.1959;6.046958
90;48.350287;0.407359
80;48.062079;-1.302181
80;48.343074;-1.221384
80;49.054215;1.9597
80;47.703123;5.939888
80;47.711803;6.522589
70;48.647381;-1.902344
90;47.389372;2.055002
80;47.662669;6.375459
80;49.088679;2.415471
90;47.685545;6.107895
80;48.794388;2.864322
90;48.020768;-0.096186
90;48.484515;5.113142
80;47.658535;6.364061
80;47.887244;6.911139
80;47.904858;-3.996853
80;48.5062;-4.303587
80;47.969834;-3.959823
50;49.223201;2.611601
80;49.534243;4.376005
80;49.416314;2.420211
50;49.162193;4.011483
90;47.614278;-0.766068
90;46.844838;3.418052
80;48.958685;2.97644
80;49.656218;4.88655
80;49.675369;5.092511
80;48.764821;-3.079707
80;46.611819;-1.039448
70;47.070678;-0.901965
80;48.846424;7.207202
80;47.467291;6.097632
50;46.993506;2.169022
80;48.416706;-2.842867
90;47.204714;2.319611
;46.719342;-1.672903
90;47.530024;-0.420395
80;46.928604;-1.261893
90;48.78429;5.19624
80;46.615584;-1.355113
80;48.640378;6.90494
90;48.746032;-0.243334
50;47.722508;6.877833
90;48.748866;5.120951
90;49.18153;0.227022
50;47.48862;-0.509512
80;48.800175;-1.523602
70;47.012063;2.727598
70;47.01314;2.722533
50;48.917714;5.240145
50;48.65226;0.761
70;48.911861;-0.489098
80;48.980755;6.747584
90;48.457419;0.546958
70;48.840292;-0.987786
80;48.922373;7.108285
80;49.69803;3.270358
80;49.863192;4.629589
80;46.812743;6.36378
80;46.812857;6.363665
90;47.283775;6.821357
70;47.132307;6.558547
50;47.465136;6.702792
90;46.978893;6.441604
80;47.743056;2.014745
70;48.94735;4.36043
90;47.142314;6.37561
90;47.483614;0.767494
90;47.437343;5.110995
80;48.078801;6.787159
70;47.222135;5.961589
80;48.743296;0.85396
90;46.632641;1.256907
80;48.274769;-1.151327
80;48.542907;1.546044
90;47.44132;5.87551
90;47.173073;5.495417
80;48.385123;6.944089
80;48.241622;-3.336902
90;47.560403;0.609798
80;46.698486;-1.350469
80;48.719662;3.534204
80;49.938251;3.244199
80;48.645602;-3.005312
80;48.101444;-2.262687
70;49.176793;-0.514998
110;49.743353;2.677186
90;47.331726;6.365523
80;47.433976;-1.827675
90;46.791485;1.597762
80;46.977075;2.069324
90;47.295995;2.78398
80;47.114258;2.611661
90;49.003139;-0.048771
80;48.746216;0.98941
50;47.194601;-1.625194
70;47.35365;-1.254716
80;48.987931;6.774012
90;47.959867;5.273529
80;47.787705;-3.453169
90;46.97565;1.16756
50;49.204557;1.864966
50;49.402358;2.970817
50;49.396919;3.06283
50;49.531131;3.106615
80;49.592024;3.003742
50;49.402859;3.011194
70;49.392154;2.798191
50;49.184661;2.895344
50;49.216903;2.422571
80;49.243374;2.495768
90;49.204642;2.630713
50;49.089203;2.75341
70;49.630205;2.359971
80;49.490743;2.312582
80;49.5622;2.565169
50;49.266354;2.585842
50;49.315373;2.738204
50;49.122743;2.533166
50;49.226934;2.348665
50;49.226053;2.765501
50;49.117928;3.064488
50;49.198061;2.846526
50;49.234973;2.856629
50;49.121554;2.857849
50;49.235132;2.987522
50;49.111055;2.60511
50;49.242445;2.129476
50;49.34247;2.096667
70;48.774596;2.608629
50;49.354681;2.17671
80;49.604913;2.720967
50;49.434799;2.642583
50;49.4182;1.943156
90;47.565818;6.276614
80;48.004992;0.370729
80;47.91678;0.073195
80;49.580283;0.730021
90;48.305176;2.50864
70;47.918051;3.713036
90;49.403242;2.669548
90;46.998681;4.797964
90;46.935249;4.669236
90;47.051931;6.648888
70;48.586077;-1.90817
80;49.981997;1.601011
90;48.65295;-0.5008
90;48.72395;0.65509
50;47.213901;2.101499
80;49.214644;1.59325
70;49.397167;2.124968
80;49.06413;1.031071
80;47.381252;0.767416
70;47.447281;0.613059
70;48.454849;-2.648904
90;48.461039;3.896049
50;47.512258;3.840141
90;49.23639;3.980107
80;48.719;-1.40957
80;48.346649;-2.495028
50;48.983066;2.362558
80;48.493629;3.885719
50;48.966957;6.549284
50;46.86836;5.716326
70;48.923728;6.038174
50;49.258724;4.075371
50;49.414119;2.066863
80;49.489118;2.14973
50;49.176302;2.226707
80;47.622068;-2.897014
90;49.16919;1.75875
80;49.517695;3.753013
50;49.392438;2.207859
70;49.23847;6.067102
70;48.872411;2.433814
70;47.254427;-1.522285
80;49.535375;2.947051
50;49.293395;2.570495
70;49.674682;1.910639
80;48.086391;-3.55019
70;48.313731;-3.148665
50;49.588354;2.005227
90;47.196946;6.173395
70;48.418385;-0.008779
50;47.421872;-1.297381
50;48.640497;6.253813
80;49.508427;2.016528
50;49.562244;1.911258
50;49.432336;2.043956
50;49.430833;2.837027
50;47.129494;6.569194
80;49.562536;3.643757
70;48.725181;3.837921
90;48.134441;1.340886
80;49.140137;0.652221
50;47.75802;7.35231
80;47.86337;-2.81939
80;47.739729;-2.438225
80;47.334601;3.34662
80;48.380434;-2.494375
50;49.317395;1.774467
70;48.489933;-1.737007
50;49.457021;2.006
90;48.811349;-0.820459
70;48.77442;2.150212
90;47.53231;0.83987
80;50.533493;2.605234
80;49.11601;6.305216
70;48.138589;5.050104
90;48.267371;4.610399
80;49.472644;2.079106
80;49.680722;3.057832
70;49.469401;0.950324
50;49.665077;1.812756
50;48.769956;2.424164
50;50.213211;2.559376
70;48.77157;1.16163
50;48.45466;4.96261
50;46.734461;2.524086
80;47.849181;3.624761
50;49.241198;3.031432
80;48.390184;-2.627093
70;49.367317;2.24661
70;47.740189;3.605225
50;49.872571;4.37816
50;49.33497;2.19774
80;49.217701;2.231924
70;48.706823;4.655652
90;49.45186;2.099796
90;49.249471;2.481862
50;49.437224;2.071638
50;48.76507;2.491458
90;48.204396;1.939929
90;48.761577;-0.682759
80;49.528186;1.847365
90;46.379674;5.807051
90;47.93623;3.234941
90;47.953805;3.308807
50;49.457949;2.213062
70;48.968113;6.297874
80;49.55166;-1.757078
80;49.44409;-1.710101
80;49.315404;2.62642
50;50.713072;2.631861
50;48.910063;2.385904
50;50.176937;2.45608
80;48.83661;-1.466605
50;50.350422;3.060967
70;47.872881;-2.494171
90;48.344071;4.205523
50;49.53573;1.869624
50;49.592112;3.112447
80;48.987933;6.338204
80;48.997135;6.470796
50;49.29369;2.604695
50;48.679266;1.966077
50;49.598758;1.95497
90;48.57775;-0.34848
50;46.81885;3.0279
90;46.939843;6.20864
50;49.248011;1.553135
50;48.883957;2.487637
50;48.951696;2.338835
50;49.068092;1.172753
70;48.705725;4.660238
80;49.586639;2.137984
50;48.745702;2.020779
80;48.742412;2.051544
80;47.249729;5.088448
50;48.571047;7.786938
50;48.427032;7.658851
50;48.926333;2.351387
70;49.63208;0.809839
50;50.176387;3.952864
80;48.01728;-2.79402
80;47.793029;-3.340931
80;47.887885;-3.339653
70;49.076334;6.528353
90;48.364078;0.563328
80;49.057661;6.561798
80;49.090724;6.509788
70;49.257493;1.716972
70;48.731288;2.239776
80;48.727623;2.548477
50;47.984455;3.732736
50;48.749116;-0.017789
80;49.018765;6.201986
50;49.137177;5.43413
70;48.784402;2.565264
90;48.364747;0.651123
90;48.799942;-0.243727
90;47.099447;6.043021
80;49.118258;6.762686
90;48.555919;0.55757
70;49.11173;6.703765
90;49.110561;6.719677
70;49.44235;5.949428
70;49.457781;5.961199
70;48.707931;1.916715
70;48.694;1.90784
90;47.430231;-0.71572
50;47.969955;2.756226
80;47.39747;0.90565
80;49.076968;7.380167
80;49.104748;7.322319
80;48.040975;-2.890992
70;48.79843;0.415229
90;48.61569;-0.39868
90;47.965503;3.463669
70;48.704496;0.615452
90;48.619317;0.58774
70;49.137576;5.429741
90;48.35676;2.988073
90;48.157706;4.244522
90;48.098396;4.379108
80;49.947583;3.238622
90;47.308402;6.188451
80;49.466625;3.348233
90;48.958164;2.844165
70;47.411023;2.042291
90;48.893587;-1.507033
70;50.667435;3.150957
70;50.665745;3.147975
90;46.680524;4.873108
50;48.647945;2.418335
50;48.889895;2.271737
50;50.457547;3.206144
50;50.224185;3.398156
50;49.404886;2.841111
70;47.564839;0.549198
50;47.897898;1.882814
80;46.868507;1.802207
90;48.53143;-0.65408
50;49.201719;6.160484
80;49.314046;6.157456
50;50.280626;3.929437
70;49.81817;3.876716
50;49.504281;1.991124
90;46.366438;-1.417226
90;47.782055;-0.708638
70;48.816426;-0.605586
90;48.75741;0.69491
50;49.219688;6.16275
70;49.098283;6.118039
70;47.850759;1.735944
80;48.245844;4.024201
90;48.49131;3.857766
90;48.482699;3.494158
80;48.203635;4.004175
70;50.108891;3.518681
50;48.991294;2.201433
90;49.05364;7.328963
50;48.642791;1.858828
50;49.610439;2.132698
50;50.736283;3.171634
50;50.744143;3.172812
50;50.627629;3.031883
50;50.661937;3.067525
50;48.593806;-2.104697
80;49.492572;0.75171
50;48.958025;4.323224
50;49.009483;3.904065
90;46.709428;1.872047
90;49.001946;2.385032
70;48.683125;6.139761
50;48.740446;4.392449
70;48.920963;4.41811
80;49.74003;0.774394
50;49.527811;0.720548
50;47.562845;5.211899
50;46.980646;5.318074
50;48.959419;2.301868
90;48.023591;-0.733843
70;50.152038;1.819813
80;48.837061;-1.502905
80;49.8971;2.486921
80;46.976229;6.341317
90;48.279629;3.218254
90;48.162086;3.301739
50;50.621475;3.059611
50;50.142871;3.373131
50;49.211898;2.051946
50;49.258786;2.3319
70;49.229727;4.032641
50;49.155355;3.110999
80;49.544948;2.680997
50;46.9967;3.166808
50;49.395326;3.903851
90;48.07803;3.29971
50;49.033808;5.435336
70;48.508365;-2.609947
50;48.22799;3.266476
50;47.93012;-1.941823
50;48.850138;2.556493
50;49.422011;2.845068
50;48.957512;2.38259
50;49.289202;4.233755
50;48.239865;4.698477
50;46.641784;5.5014
70;46.332601;4.84335
70;47.270418;5.001393
50;48.184984;3.439956
90;49.119659;6.215011
50;49.124228;6.26041
90;47.95532;3.45368
70;49.389508;2.787347
90;48.390224;2.690017
90;48.410662;2.68315
90;47.493;-0.763068
80;47.379614;-0.75338
90;47.286971;-0.650082
50;46.965437;3.157061
50;47.118904;3.229668
50;49.51184;1.96737
90;47.842197;-0.650555
90;47.9658;-0.582048
50;48.991506;1.990234
90;47.385085;5.034366
70;46.628121;3.741084
70;49.203813;2.267456
50;46.803743;1.694379
80;47.07487;5.45915
80;49.15766;1.88252
80;50.503213;1.766144
80;50.32093;1.75033
50;49.685038;3.70768
90;48.842051;-0.770628
80;49.750861;2.817189
80;49.310455;3.634262
80;46.888863;5.729288
80;49.524869;3.753913
50;49.817524;4.585969
50;47.089297;2.391151
90;48.548716;2.755637
90;50.7366;1.874708
50;48.166655;6.776211
80;48.932176;1.11301
80;49.753001;2.183142
50;46.995237;3.132689
50;44.211165;-1.260575
70;43.28697;5.42486
90;44.844571;-0.50204
80;46.120768;-1.035872
80;46.060822;-0.939524
90;45.775194;-0.695512
90;45.690327;-1.024006
80;45.57312;-0.7602
90;45.104264;0.836593
80;45.172394;3.524655
80;45.123921;3.707258
90;45.147426;3.503579
80;45.14216;3.92018
90;45.209832;3.817237
80;44.347279;0.107304
80;44.430941;0.9781
90;45.984131;3.184067
90;45.937912;3.342008
80;45.766571;3.14858
90;45.858913;2.926745
70;46.031722;3.07987
50;45.762487;3.119246
80;43.308444;-1.357057
80;43.239133;-0.265683
80;45.52602;6.18964
80;45.533508;6.123925
80;45.50463;6.306556
80;45.461352;5.811667
70;45.77706;5.94337
80;45.703531;5.784344
80;45.914775;6.082399
80;45.766087;6.248274
70;46.00177;6.005227
90;43.782304;1.988357
80;43.5664;1.896611
80;43.587475;1.7993
80;44.066723;1.417131
80;44.169067;1.580964
90;44.102876;1.463144
80;43.954595;1.205954
80;43.894251;1.305459
70;46.164169;0.960131
70;46.051692;1.118455
80;45.767661;1.291192
80;45.891697;1.255308
80;46.171567;0.950086
50;46.092215;0.838483
50;45.814624;1.253863
80;43.141804;2.297964
80;43.127427;3.060141
90;43.306661;3.442378
90;43.494099;3.776113
90;43.38266;3.306284
80;43.423819;3.55176
80;43.423819;3.700058
80;42.906332;3.000034
80;43.083293;2.943681
80;43.142412;3.051038
80;43.785324;4.925768
80;43.675504;5.092602
80;43.846771;4.930531
80;43.530969;4.959883
80;43.542804;4.955922
80;43.405139;5.2829
90;44.195577;4.133771
80;43.706106;4.560633
80;43.887223;4.50051
80;43.701228;4.450751
80;43.775638;4.336144
80;43.745847;4.300589
80;45.561504;4.14378
70;45.368879;4.306248
80;45.29283;4.619286
70;45.738268;4.094343
80;44.713257;3.830981
50;44.661114;3.450678
80;43.89678;5.830689
80;44.076341;6.019879
80;44.260291;5.863888
80;43.857556;5.832163
70;46.318184;2.622072
50;46.418158;-0.191801
90;46.873703;-0.358785
80;47.026481;-0.19585
80;46.663737;-0.613368
90;46.12084;-0.2389
80;46.593969;-0.21562
90;46.917393;-0.196315
80;44.624462;-0.329954
80;44.793916;-0.866622
50;44.663564;-0.384264
80;45.023593;-0.154871
70;44.983219;-0.409646
80;44.11609;5.99328
70;44.57262;4.62361
90;44.44755;4.6846
90;44.941169;4.786779
70;43.306;2.9186
80;43.53641;5.19178
90;43.42639;4.97056
80;43.6549;5.49348
80;43.72219;4.65024
90;43.473122;2.860783
80;43.42333;3.74408
80;43.827277;3.315718
90;43.78758;3.87394
80;44.20592;0.52788
80;44.382215;0.829531
70;44.17174;0.69377
80;44.310262;0.715947
80;44.621;0.3585
80;44.07858;0.36688
80;44.129;0.548
80;44.2589;0.35346
50;44.39854;0.72234
80;44.434;0.262
80;44.28001;3.78204
70;43.49302;6.48663
80;43.88561;4.94633
80;43.757;5.1467
80;43.86528;4.99709
50;43.92197;4.80944
80;43.971445;5.019848
90;43.27574;6.07178
80;44.16257;4.56157
90;45.20905;1.68252
90;43.38478;6.04887
70;43.472033;5.868703
90;43.125;6.17853
90;43.33468;6.08662
80;46.82493;0.6463
90;45.1388;1.8813
80;44.33669;3.02821
90;46.4052;0.39163
80;43.489239;5.631962
50;44.47492;4.35969
90;43.85732;1.92803
90;43.448037;6.485267
70;43.23483;6.61068
70;42.99;0.63
80;43.46536;1.2779
80;43.88736;4.031201
80;43.755606;1.362647
90;43.370267;6.596293
90;43.382166;6.589833
50;43.928;4.8421
80;44.06161;4.97622
80;44.115;4.2819
90;43.977492;2.087834
80;43.94728;5.027858
70;43.96172;2.17169
80;44.462811;0.692439
80;44.363839;0.454872
70;45.22226;1.42767
90;45.12362;1.55456
90;43.68225;1.85319
90;43.75564;1.83712
90;43.748;1.7308
80;43.856;4.2457
80;44.182117;4.04765
90;43.469929;2.538703
80;46.631226;0.242608
70;46.555377;0.335915
70;46.75886;0.197327
80;45.598721;4.265287
50;45.556919;4.285689
70;43.778521;4.289978
80;43.75202;4.2716
70;43.46272;6.6323
80;43.87278;1.83694
90;43.9196;1.60429
80;43.91218;1.38433
80;43.803;1.2919
80;43.81315;1.1969
80;43.9693;4.74375
80;44.00026;4.73763
80;43.68103;1.25909
80;43.39407;1.42984
80;43.767;1.4068
50;44.43257;4.18985
70;44.62108;4.39633
90;45.287764;4.732898
70;43.017;0.6188
80;44.05884;6.2068
50;43.738971;7.412457
50;43.74378;7.4211
50;43.74849;7.42505
50;43.75454;7.44092
50;43.75767;7.44895
50;43.76061;7.475353
80;45.13225;2.97278
90;45.296654;2.39201
80;44.42468;4.73459
80;44.748274;5.011973
80;45.2242;4.81691
80;44.72395;4.95802
80;45.13142;5.04594
90;44.633799;4.770384
80;44.832364;4.904407
80;45.04868;4.99104
80;43.951;3.796
70;43.31488;1.5076
80;43.077;0.6372
90;45.875;5.3577
80;45.737521;5.232971
80;45.351548;4.897465
80;43.85506;-0.41901
80;43.54221;-0.94774
90;44.15049;-0.28801
90;43.67751;-1.256907
80;43.971;-0.2927
70;44.452;-1.1068
90;45.271616;3.915253
90;45.25345;4.232068
90;45.058022;3.833134
90;45.266111;4.150569
70;45.292876;4.141844
90;45.16322;4.07776
90;43.513;2.066
70;43.89822;2.39078
80;44.218558;1.51663
80;43.816;1.2489
80;43.99464;1.3148
80;44.092;1.0115
80;43.93981;1.21917
80;43.807487;1.321547
80;43.976563;1.467901
50;44.12464;1.151055
80;42.995;1.1971
80;43.19666;1.60989
80;43.948812;4.675428
90;45.34614;5.50762
90;45.359;5.438
70;45.05042;5.78997
90;45.41662;5.33245
70;45.468235;5.991773
50;45.35878;5.9977
80;45.31475;5.51358
80;43.356944;-1.73538
90;44.293;1.8688
90;43.956499;1.440531
80;42.917;1.6385
80;43.02396;1.58974
80;43.16689;-0.44131
90;45.261934;5.526534
90;45.468368;5.581644
50;45.508744;5.5961
80;45.12879;5.77781
70;45.567867;5.355874
80;43.506685;-0.865088
80;43.160875;-0.478433
80;46.268588;3.489024
90;45.643195;0.210116
70;45.630484;0.134056
90;45.670441;0.03285
90;46.065228;0.675529
90;43.767355;2.040141
80;46.65387;-0.09421
80;44.202664;-0.26936
90;45.484427;1.389889
50;44.51196;1.370473
50;46.122684;1.063689
90;44.391676;2.383764
90;44.238916;0.497317
70;43.096309;1.878714
80;44.427711;1.433312
90;46.248606;3.696531
80;44.335018;4.947196
80;45.958132;-0.942167
90;46.58836;2.616991
80;43.339936;1.875348
70;44.506;6.1607
70;45.867697;4.544748
70;46.044218;5.884905
80;44.47583;6.03457
50;46.221959;1.919233
80;44.26005;0.73406
90;46.32208;2.86727
90;46.18971;3.48825
80;44.66073;6.6048
80;44.645;6.5753
90;44.32319;5.7988
80;44.57728;6.15396
80;44.52951;6.3634
90;45.59444;-0.3173
70;45.42;4.4104
50;46.13821;4.10841
90;43.5574;0.61058
90;43.457;0.882
80;44.646393;1.996268
70;44.16142;0.61949
90;45.919944;-0.525631
80;44.16161;0.307942
70;46.299686;-0.057254
80;45.85061;5.297659
80;46.007587;5.175643
80;45.884252;5.168779
50;43.28486;5.438574
70;46.306553;6.066132
70;45.780178;5.469646
80;43.860749;5.215975
80;42.433925;1.960969
90;42.782131;2.987636
50;45.954971;5.331798
90;42.526389;3.061327
80;42.548079;2.931065
50;46.161141;5.599386
50;44.851819;0.0294
90;45.12523;0.897203
90;43.42321;0.049532
80;46.048971;4.870893
80;46.312861;5.304638
50;46.078022;5.427564
50;45.851921;5.753084
80;46.264996;6.317059
50;43.567908;1.41288
70;46.3188;-0.99235
80;45.755096;6.279981
90;45.127939;1.334733
90;44.526693;4.338627
80;45.668451;4.579963
90;45.019798;3.839824
90;45.381657;1.671364
50;44.959829;-0.608339
80;45.0321;0.31618
50;43.489878;-1.534239
90;43.277885;3.285535
50;45.801777;-0.134971
90;43.674293;-0.093419
90;43.242879;-0.006538
90;45.969184;1.788304
90;43.53727;0.996454
80;44.539815;0.297204
70;43.65796;7.18506
80;46.098988;5.310093
90;44.737894;4.643321
80;46.412154;4.926931
70;43.657725;7.184124
80;45.885535;4.91831
80;46.264194;5.016905
80;46.145499;-0.718432
50;44.958902;-0.709216
50;45.72896;-0.58853
70;43.492683;-1.367499
80;42.75375;3.021237
80;42.45543;1.942436
80;42.519337;2.79937
110;42.656435;2.925448
90;42.599081;2.85654
90;42.786233;3.00051
50;46.211801;5.318077
80;46.059685;5.080151
80;45.957949;5.327278
80;46.13638;4.96035
80;45.927842;5.101395
80;46.185325;5.10749
80;45.806615;5.77399
50;46.15508;3.41333
80;43.960568;6.479397
90;45.470038;2.366049
80;43.970715;3.691066
50;43.608876;3.841484
80;44.492078;1.003637
70;43.577281;-0.657069
80;43.360388;-1.581847
80;43.464485;-0.703772
50;43.493924;-1.523974
70;43.361878;-1.713104
70;43.369541;-1.637173
80;42.660478;2.883063
90;45.749892;5.92658
80;43.717809;1.084615
90;43.909527;1.799222
50;43.632012;3.822436
90;44.561991;5.919797
70;43.427333;5.894472
50;45.827542;3.440125
70;43.955054;4.823937
90;44.080131;3.001035
80;44.112864;4.793889
80;45.964537;5.005278
90;45.54004;5.52878
50;44.358371;-0.761366
50;43.549103;6.990757
50;43.550484;6.99202
50;43.547583;7.052063
80;43.983312;4.263079
70;45.648009;4.308932
90;44.215541;1.731919
50;44.298171;-0.477515
70;45.946264;3.158438
70;43.301887;5.425375
50;45.831504;1.273216
90;44.417927;3.183285
80;43.03484;1.89735
80;43.50427;2.01156
50;41.961823;8.809271
50;41.933514;8.744156
80;41.652536;9.300538
70;41.960273;9.396705
50;45.793684;3.062337
90;45.700761;3.007379
80;43.81706;-0.2966
50;44.21368;-1.20116
70;45.723667;4.891326
90;46.316301;3.324925
70;46.191441;-0.056578
50;44.196326;4.624583
80;45.819624;-1.082906
80;43.500808;0.036685
80;43.953435;4.645318
50;46.183948;6.246718
80;43.893018;4.689644
80;44.968927;-0.1661
80;45.156399;-0.818739
70;43.646475;-0.488472
80;43.554;-1.2951
50;43.64819;-1.41053
80;43.70271;-0.67769
50;43.66042;-1.398827
50;45.67995;4.84948
50;43.539223;7.035947
90;45.9246;6.76261
80;45.98988;6.63149
80;44.50694;-1.044239
80;43.67138;0.97082
80;44.204738;-0.742478
50;41.93201;8.75645
70;41.66385;8.91863
80;41.51029;9.14978
80;43.17806;-1.1806
80;43.354327;-0.533289
80;43.99942;2.16705
80;43.539575;-0.804515
80;43.406172;-0.205087
50;44.48154;1.40138
50;45.047587;-0.119653
50;43.116721;0.43068
70;45.015413;-0.04022
80;44.604199;1.964032
70;41.417819;9.178727
80;45.132092;-1.04522
70;44.022151;-0.326094
50;46.150315;0.266249
80;43.615393;-1.39844
80;44.470135;0.910652
90;43.288972;3.114268
70;46.191944;1.256874
80;44.83991;0.39583
50;45.82968;4.61016
80;43.966962;-0.315159
50;43.77216;-0.574839
50;44.467018;-1.069527
80;43.634019;-0.617493
50;43.564646;-1.181328
50;44.194341;-1.220531
50;43.394505;5.225864
80;44.943162;-0.204994
70;43.954148;6.858209
80;43.60673;0.98934
80;43.192018;-1.255035
80;44.698019;-0.471955
70;43.320728;5.422377
80;44.49159;4.74979
80;44.975047;-1.005139
80;44.857746;5.610016
80;44.390763;0.724056
70;44.204689;0.335365
80;43.472061;-1.215349
80;43.801761;-0.292647
70;44.7052;4.65451
50;43.994397;-0.102677
70;44.878027;0.514157
80;44.489075;3.377201
70;46.416243;0.839867
50;44.728407;-1.043177
50;44.777358;-0.930203
50;44.710864;-1.027573
80;45.5056;5.71897
90;45.285646;3.255965
90;45.705445;3.314312
70;46.151949;6.252963
70;43.278633;0.108979
70;46.154376;-1.312274
70;46.201506;-1.446953
70;46.188054;-1.343736
50;44.720261;4.134458
50;45.68515;2.800394
80;43.081332;-0.613888
90;45.198714;1.83348
80;43.852398;-1.118219
50;43.77364;-0.56193
70;43.960243;-0.529516
70;43.75351;-1.059128
50;43.602319;7.017895
50;46.342041;2.631965
90;46.345495;3.285726
50;43.752548;-0.60448
70;44.239199;-1.127531
50;44.823579;4.662636
70;43.132124;5.86711
80;43.938382;0.649573
80;43.549137;4.401754
80;45.622919;4.347413
50;43.556277;-1.117005
80;46.190245;-0.667835
80;43.495293;4.965819
80;43.470808;4.947828
80;46.558884;0.465343
50;46.167035;1.14426
90;44.287473;2.421595
70;44.709292;4.681
50;43.210326;2.363868
70;43.685919;7.197631
70;43.665832;7.207171
90;43.835618;4.401967
90;43.835541;4.402723
80;45.02474;3.775415
50;44.341213;-0.941946
50;44.217002;-1.23191
70;45.440761;2.531143
50;44.60158;-0.93778
80;45.187436;0.669426
90;46.72308;0.424877
50;43.712848;7.271459
80;43.582333;4.444302
80;43.7831;4.6256
70;43.692365;7.243068
50;45.676425;-0.034111
50;45.851171;0.503849
90;46.127803;1.955876
80;45.0329;4.8677
80;43.883499;4.252541
80;45.507403;4.979803
80;43.884949;-0.371356
80;43.67814;-1.41854
80;43.83687;1.2398
80;44.551266;6.491795
50;43.700147;7.296045
70;43.643212;5.545297
80;45.719032;-0.49491
80;44.87905;1.20748
80;45.207595;0.8188
80;45.158959;0.710099
50;41.908782;8.715585
80;43.827074;4.520912
50;43.451923;1.879777
70;44.564909;0.041356
50;44.787169;-0.935833
50;44.61374;-0.947222
80;43.748539;1.306085
50;44.968738;-0.220083
70;43.156135;5.740847
50;44.400732;-1.161423
80;46.090944;4.076171
50;45.055129;3.864338
50;44.23793;0.445695
90;45.60201;2.695594
50;42.637729;3.033082
70;43.417565;6.844155
50;43.110801;5.812491
50;46.31707;-0.431205
90;45.970687;1.972099
50;44.576674;-0.14984
50;44.836749;-0.145663
80;45.107039;5.70216
50;44.24449;-1.11399
50;43.556986;-1.397649
50;44.24384;-1.120038
50;45.786377;3.137498
70;43.340097;0.132676
70;46.571421;-0.297021
50;44.67406;-1.001437
50;43.633527;0.582665
80;43.69224;0.470192
80;43.755087;5.167953
50;43.650499;-0.915607
50;46.16849;0.954072
50;44.703026;-0.959679
50;43.011165;1.11597
50;42.857107;1.601286
50;47.446569;6.847851
50;47.487803;6.830201
50;47.637241;6.87511
50;47.711746;7.015224
50;47.662849;6.850954
50;47.537832;6.846729
50;47.466446;6.854813
50;47.639692;6.800587
50;47.516264;6.825877
50;43.61373;1.46041
50;43.615204;1.445414
50;43.651508;1.424836
50;43.618361;1.423038
;48.26735;4.08897
;48.26683;4.08951
;48.51605;3.71489
;48.5168;3.71492
;48.2887;4.08385
;47.08204;2.38935
;47.07217;2.39421
;47.07557;2.4065
;47.06174;2.40934
;47.10346;2.40944
;47.10464;2.42484
;47.09983;2.38126
;47.1001;2.38089
;47.08232;2.38926
;47.07209;2.39383
;47.10315;2.40934
;47.33623;5.06105
;47.33656;5.05718
;47.30522;5.04973
;47.3135;5.01435
;47.31374;5.01383
;47.30932;5.03785
;47.31603;5.04453
;47.34155;5.051
;47.34108;5.05173
;48.49254;-2.74855
;48.51745;-2.77898
;49.01918;1.11881
;49.01643;1.16164
;49.20748;1.18436
;48.75866;1.24417
;48.40188;-4.40631
;48.099;-1.75759
;48.10138;-1.75419
;48.06301;-1.69948
;48.09839;-1.75776
;47.39703;0.74129
;47.39722;0.74247
;47.4984;0.78481
;47.49706;0.78348
;47.54799;0.55112
;47.54725;0.5516
;47.54783;0.55181
;47.5475;0.55073
;47.50108;0.78872
;47.50159;0.78942
;47.2086;-1.56936
;47.21771;-1.55533
;47.23515;-1.54126
;47.21599;-1.56547
;47.18919;-1.50951
;47.92806;1.84078
;47.8797;1.90827
;47.91488;1.91672
;47.91437;1.96492
;47.901246;1.919012
;47.99369;2.73244
;47.91401;1.96377
;47.92766;1.84178
;47.90631;1.92195
;47.91459;1.89952
;47.0542;-0.9012
;47.07346;-0.86765
;47.44782;-0.54293
;49.64775;-1.6512
;49.05185;-1.44385
;49.11324;-1.07941
;49.65346;-1.66389
;48.942567;4.37799
;48.7338;4.58976
;47.858618;5.330576
;48.642169;4.977213
;48.63713;4.94341
;48.62562;4.9905
;48.09975;5.1528
;48.0986;5.15407
;48.11455;5.14388
;48.6392;4.94399
;48.68357;6.16852
;48.68749;6.17025
;48.69504;6.12486
;48.69573;6.14113
;48.687;6.1957
;48.699;6.18748
;48.7048;6.163
;48.6896;6.2026
;48.70035;6.1724
;48.69355;6.19216
;48.6797;6.19854
;48.70097;6.2248
;48.677;6.1468
;47.65372;-2.73536
;47.66869;-2.99453
;49.10031;6.1802
;49.10163;6.17741
;49.11152;6.17849
;50.62709;3.03905
;50.64581;2.98818
;50.62158;3.04617
;50.67736;3.19907
;50.70538;3.1699
;50.60723;3.04267
;50.60577;3.04904
;50.71484;3.17946
;51.04781;2.41626
;51.02247;2.30489
;51.02374;2.34683
;50.62248;3.0612
;51.04821;2.41721
;51.04834;2.41637
;51.02207;2.30364
;51.02262;2.30417
;51.02409;2.34777
;50.63242;3.05247
;50.63239;3.05188
;50.6471;3.02656
;50.64764;3.02591
;50.64758;3.02644
;50.33424;3.30118
;50.33397;3.30235
;50.37334;3.39236
;50.37373;3.39259
;51.03116;2.34978
;51.02777;2.36432
;51.03167;2.34941
;49.39815;3.04604
;49.43608;2.08258
;49.3003;2.60447
;49.19874;2.5792
;49.16911;2.23774
;49.26013;2.475
;49.16911;2.23887
;50.44259;2.85414
;50.50951;2.72781
;50.42462;2.92811
;50.2882;2.78034
;50.4431;2.85474
;50.50994;2.72999
;50.44957;2.81837
;50.42525;2.92709
;50.41712;2.94742
;50.41011;2.93464
;50.94629;1.88964
;50.41682;2.94691
;50.41056;2.93454
;50.94613;1.88849
;50.9443;1.82252
;48.56507;7.70658
;48.5754;7.75624
;48.57854;7.70858
;48.56451;7.70597
;48.8135;7.78417
;48.26793;7.45673
;48.81083;7.78316
;48.59147;7.73109
;48.26896;7.45738
;48.25858;7.45031
;48.59139;7.73171
;48.08655;7.33138
;47.75009;7.30572
;48.07497;7.35078
;47.74795;7.32235
;47.75936;7.34452
;48.07078;7.33429
;48.070098;7.353967
;48.08379;7.34739
;48.08063;7.36049
;47.7605;7.3392
;47.7688;7.32611
;47.7411;7.3439
;47.7322;7.29444
;47.75552;7.35
;47.62728;6.17214
;47.69792;6.6381
;47.69814;6.63669
;47.96879;0.21026
;47.97446;0.22575
;48.00846;0.1808
;47.96978;0.21043
;47.97511;0.22431
;48.00901;0.18087
;47.96239;0.17729
;47.96291;0.17686
;47.71996;-0.10689
;47.71908;-0.10594
;48.83718;2.29687
;48.87522;2.27155
;48.88411;2.36773
;48.86931;2.33831
;48.8843;2.36107
;48.87832;2.3536
;48.83221;2.37974
;48.86374;2.37157
;48.87474;2.27069
;48.85692;2.34858
;48.86091;2.3408
;49.4365;1.13427
;49.52286;0.10446
;49.90506;1.07685
;49.42248;1.71688
;49.45289;1.05604
;49.53334;0.35628
;49.4257;1.08262
;49.91393;1.07488
;49.48864;0.15095
;49.75099;0.88116
;49.90215;1.11774
;48.967;2.69885
;48.18572;2.73246
;48.89287;2.14076
;48.89715;2.11761
;48.90286;2.13752
;48.88807;2.12695
;48.85559;2.10732
;48.80545;2.13674
;48.74872;1.92529
;48.8238;1.94105
;48.76926;1.94786
;48.93856;2.03619
;48.80679;2.12496
;48.80519;2.13535
;48.77629;2.03781
;48.77623;2.03699
;48.99018;1.71124
;48.9388;2.03547
;48.82331;1.94037
;48.88902;2.10422
;49.87529;2.32955
;49.91591;2.29408
;49.88553;2.3038
;49.9037;2.28755
;49.91509;2.2946
;49.88613;2.30352
;49.90878;2.32554
;49.90147;2.33232
;49.87342;2.35034
;49.86795;2.2789
;49.88915;2.28117
;49.90049;2.29862
;46.69814;-1.94682
;47.603327;6.821876
;47.602709;6.821456
;48.63461;2.34375
;48.63465;2.34434
;48.67808;2.49661
;48.67825;2.17504
;48.67915;2.17443
;48.63506;2.26621
;48.69568;2.2987
;48.75244;2.20435
;48.59986;2.4805
;48.60079;2.48071
;48.67846;2.49589
;48.63533;2.26618
;48.7519;2.2069
;48.92145;2.27804
;48.84903;2.21399
;48.83198;2.25377
;48.81752;2.32554
;48.84966;2.21356
;48.90089;2.30803
;48.79618;2.32178
;48.83216;2.2525
;48.91969;2.45184
;48.9021;2.41414
;48.7984;2.42036
;48.8062;2.47139
;48.79622;2.32246
;48.736;2.44655
;48.8135;2.51127
;48.78313;2.44695
;48.78119;2.44523
;48.72769;2.44562
;48.84992;2.43457
;49.02346;2.3865
;49.02258;2.3866
;48.992;2.36021
;48.99128;2.36026
;48.95446;2.25471
;48.9537;2.25439
;48.95617;2.27969
;48.95642;2.28088
;48.9912;2.18182
;48.991;2.18183
;49.01393;2.09006
;48.99406;2.19514
;48.99453;2.19419
;49.0154;2.07466
;49.01594;2.07395
;49.04332;2.01828
;49.03172;2.07386
;49.04758;2.05243
;49.04205;2.09038
;49.01345;2.0276
;49.01058;2.02921
;49.03508;2.03056
;49.02326;2.11038
;49.04004;2.11504
;48.99505;2.37904
;49.04268;2.01788
;49.0549;2.01539
;49.01019;2.02831
;46.139949;3.41528
;46.170614;3.397031
;43.827996;5.787265
;43.55078;6.9993
;43.6564;7.15538
;43.65602;7.15467
;43.70104;7.28703
;43.70066;7.28726
;43.65658;7.17826
;43.70621;7.28195
;43.65045;7.15156
;43.70048;7.25156
;43.70619;7.28233
;43.693911;7.256767
;43.65676;7.179136
;43.731153;7.286346
;43.725084;7.401035
;43.731016;7.286627
;43.650501;7.151462
;43.571907;7.107625
;43.654486;7.15809
;43.550625;6.994097
;43.27617;5.41774
;43.67508;4.63182
;43.28414;5.38485
;43.33331;5.3991
;43.27582;5.69981
;43.41124;5.3056
;43.80767;4.99503
;43.39546;5.3434
;43.347046;5.378856
;43.592102;5.004047
;43.645772;5.577236
;43.869036;4.836211
;43.313695;5.40533
;43.333774;5.398834
;43.190628;5.641404
;43.41407;5.05721
;43.413664;5.213532
;43.544844;5.041319
;43.888041;4.854766
;43.590997;5.003853
;43.807246;4.995093
;43.2879;5.62329
;43.410837;4.98331
;43.34548;5.60343
;43.646033;5.578266
;43.388392;4.802894
;43.28718;5.62296
;43.41152;4.98376
;43.887976;4.853564
;44.92177;2.43986
;44.91238;2.43848
;47.290114;5.008049
;44.55906;4.72964
;44.91317;4.87781
;45.04504;5.06501
;43.832719;4.384942
;43.619818;3.849899
;45.54121;4.85427
;45.1799;5.70476
;45.19493;5.67736
;45.134564;5.700912
;45.44229;4.37915
;45.4039;4.36654
;45.41575;4.40116
;45.4032;4.36445
;45.44198;4.3789
;45.423407;4.392343
;46.050485;4.066308
;46.050843;4.06706
;50.6945;3.171861
;50.394972;3.468577
;50.630784;3.077556
;49.470806;2.756152
;49.3428;2.606447
;49.24971;2.645069
;49.39811;3.044734
;49.289615;2.878428
;49.510648;2.923644
;49.25683;2.487185
;49.256107;2.487315
;49.259642;2.474886
;49.252286;2.477042
;49.252488;2.476831
;49.251835;2.477333
;49.288131;2.201321
;49.169227;2.244336
;49.479683;2.045194
;49.215106;2.414439
;49.192813;2.464968
;49.199509;2.579678
;49.208464;2.590922
;49.358583;2.791081
;45.78934;3.11806
;45.77853;3.11069
;45.77158;3.0935
;45.73871;3.20065
;45.761898;3.126357
;45.76242;3.12623
;45.90042;3.1042
;45.77319;3.12052
;45.9011;3.10344
;45.79706;3.11637
;48.574523;7.737271
;45.77362;4.79481
;45.75788;4.77445
;45.58865;4.77085
;45.74203;4.850811
;45.693708;4.874776
;46.10918;4.733801
;45.706154;4.887528
;45.751609;4.837516
;45.769404;4.860287
;45.67192;6.38616
;45.57623;5.90712
;45.6636;6.36369
;45.91141;6.12117
;46.18596;6.24764
;46.19269;6.24503
;46.31815;6.33026
;46.37388;6.48532
;46.18588;6.23654
;46.37059;6.4708
;48.921833;2.084083
;49.001753;1.90638
;48.985339;1.911886
;48.79823;2.152733
;43.10711;5.87689
;43.13722;5.85076
;43.11534;5.93529
;43.11008;5.96905
;43.42589;6.72794
;43.43455;6.75722
;43.505;6.4825
;43.50357;6.48352
;43.12155;5.94077
;43.11793;6.12852
;43.11838;6.13148
;43.128823;5.90164
;43.434482;6.758445
;43.088402;5.89888
;43.435924;6.730413
;43.426772;6.726949
;43.131783;5.993665
;43.113779;5.957373
;43.522085;6.466255
;43.12167;5.94097
;43.110274;5.969873
;43.128389;6.009295
;44.06034;5.04881
;43.9922;4.86416
;43.95334;4.81345
;43.95166;4.83401
;44.13645;4.80389
;43.83845;5.04889
;43.930808;4.825269
;43.932151;4.829401
;43.936176;4.781773
;43.831819;5.039477
;43.932002;4.829201
;43.962894;4.860223
;43.936176;4.781773
;43.940462;4.836071
;43.933226;4.872567
;43.868052;5.143153
;47.879696;6.764915
;48.935799;2.372392
;48.905779;2.374955
;48.95325;2.563134
;48.946008;2.493833
;44.63323;4.74498
;44.63175;4.74392
;42.93519;1.85019
;43.20357;2.76119
;43.21278;2.34516
;43.21639;2.3526
;43.20329;2.76218
;43.21638;2.35645
;43.64836;5.545
;43.64836;5.54583
;45.65085;0.18468
;45.64568;0.15273
;45.67155;0.15949
;45.67904;0.16341
;45.67261;0.17396
;45.6768;0.21978
;45.67311;-0.30716
;45.67241;-0.30645
;45.67392;-0.3285
;45.67315;-0.32857
;45.7362;0.38625
;45.74342;0.38744
;45.74396;0.38708
;45.74043;0.38746
;45.74126;0.3874
;45.88595;0.58245
;45.88598;0.58375
;45.67208;0.15921
;45.6468;0.17282
;46.1546;-1.1361
;46.17298;-1.15026
;45.62432;-1.02376
;45.62408;-1.02926
;46.15525;-1.13561
;46.17364;-1.15061
;47.23838;2.03026
;45.15757;1.52408
;45.16086;1.53328
;45.15726;1.52329
;45.22979;1.42128
;45.22957;1.42069
;45.19515;0.7033
;45.18788;0.72969
;45.12933;1.22694
;45.54226;0.97677
;48.74284;0.92666
;48.74316;0.92705
;43.7276;4.22063
;44.13407;4.07858
;43.79205;4.38122
;44.26198;4.64364
;44.17159;4.10532
;43.82058;4.34006
;43.82819;4.35223
;44.11096;4.08042
;43.83747;4.32869
;43.84199;4.38742
;43.84966;4.37393
;44.13382;4.08315
;43.83062;4.55928
;43.83064;4.56137
;43.93885;4.56413
;43.84183;4.31348
;43.83714;4.34567
;44.10535;4.08202
;43.60503;1.47814
;43.58659;1.40677
;43.63303;1.43358
;43.55849;1.40241
;43.61426;1.45043
;43.65913;1.41858
;43.6504;1.4721
;43.62142;1.42486
;43.64143;1.46687
;43.59443;1.45711
;43.56676;1.45867
;43.59323;1.4287
;43.64843;1.43887
;43.55761;1.40172
;43.59405;1.42124
;43.59349;1.42078
;44.82817;-0.53973
;44.83694;-0.59909
;44.82823;-0.56121
;44.85439;-0.57261
;44.86011;-0.5691
;44.81436;-0.57268
;44.85754;-0.59089
;44.85653;-0.59133
;44.81973;-0.59745
;44.82026;-0.59722
;43.60871;3.8409
;43.61259;3.8671
;43.34735;3.21812
;43.62356;3.8618
;43.60152;3.88475
;43.58181;3.86399
;43.35416;3.23051
;43.34702;3.21874
;43.34271;3.22119
;43.59652;3.84553
;43.59671;3.84458
;43.61974;3.86508
;43.34471;3.23386
;43.58921;3.88444
;43.62588;3.88183
;43.59694;3.89264
;43.65381;3.96754
;43.62027;3.85001
;43.65376;3.96748
;43.63025;3.90981
;43.62992;3.91044
;43.67965;4.12201
;43.67902;4.12215
;43.31902;3.47559
;43.318018;3.475355
;47.30782;0.36312
;47.30805;0.36313
;45.62753;5.15145
;45.62673;5.15192
;43.69448;-1.0693
;43.8946;-0.51332
;43.87838;-0.47799
;43.91955;-0.91751
;45.3639;3.31065
;45.36421;3.30968
;47.16053;-1.38496
;47.10614;-1.78975
;47.16025;-1.38446
;47.10554;-1.79026
;48.1035;2.77429
;48.10317;2.77446
;44.20058;0.63367
;44.39838;0.70698
;44.39777;0.70748
;44.19424;0.62899
;44.41564;0.72988
;44.20629;0.61152
;44.42009;0.72001
;44.19173;0.61525
;44.20196;0.5517
;44.50161;0.15814
;44.507;0.16015
;44.50187;0.17136
;44.50144;0.17034
;44.50768;0.16004
;50.75275;2.49104
;50.75267;2.4909
;50.66037;3.08054
;50.39033;3.48627
;50.38977;3.48682
;50.60643;2.98773
;50.60574;2.98873
;49.09549;2.74364
;49.0945;2.74575
;50.29317;2.80525
;50.29251;2.80568
;43.30487;-0.37013
;43.42037;-1.60707
;43.49267;-0.78083
;43.49819;-1.49149
;43.30193;-0.39579
;43.487;-1.53665
;43.48513;-1.49443
;43.31209;-0.37748
;43.29612;-0.37833
;43.43801;-1.58931
;43.3139;-0.41791
;43.31374;-0.37561
;43.31104;-0.32382
;43.31168;-0.32286
;43.31908;-0.368
;43.50358;-1.46966
;43.22775;0.05619
;43.22046;0.06367
;42.74836;0.19113
;42.68811;2.87444
;42.6893;2.88492
;42.681403;2.881799
;42.70914;2.89845
;42.70862;2.89901
;42.69311;2.90425
;42.6927;2.90393
;42.68724;2.90135
;42.67727;2.90517
;42.69394;2.87247
;42.68945;2.90664
;47.80932;7.10366
;47.80885;7.10519
;45.8568;4.70118
;45.8568;4.7
;45.45942;4.76249
;45.4589;4.76154
;46.86264;4.24566
;46.86327;4.2466
;47.97964;0.20154
;47.97961;0.2007
;48.03382;0.16992
;48.03395;0.17135
;45.68552;5.90926
;45.68559;5.90981
;48.26675;2.68601
;48.26681;2.68713
;46.31552;-0.50317
;46.99237;-0.21773
;46.992;-0.21698
;46.33938;-0.44639
;46.41212;-0.20987
;44.03451;1.11765
;44.01735;1.32003
;44.0358;1.37074
;44.01274;1.34584
;44.02291;1.34843
;44.01752;1.36995
;46.56329;0.38156
;46.54325;0.41506
;46.63813;0.35816
;46.55188;0.32128
;45.96016;1.16992
;45.95989;1.17052
;47.8219;3.58685
;47.82254;3.58734
;48.53784;2.37411
;48.53771;2.37489
;48.56515;2.17145
;48.5646;2.17204
;48.97523;2.33639
;48.97519;2.33751
